{"cameraMode":{"drawMode":0,"name":"Shaded","section":"Shading Mode"},"sceneLighting":true,"audioPlay":false,"sceneViewState":{"showFog":true,"showMaterialUpdate":false,"showSkybox":true,"showFlares":true,"showImageEffects":true,"showParticleSystems":true,"showVisualEffectGraphs":true,"m_FxEnabled":true},"in2DMode":false,"pivot":{"x":4.155756950378418,"y":1.336599349975586,"z":1.0065155029296876},"rotation":{"x":0.06136764585971832,"y":-0.05536830052733421,"z":0.0034054049756377937,"w":0.9965852499008179},"size":10.333916664123536,"orthographic":false}